プログラムID,プログラム名,広告主名,カテゴリ,開始日,終了日,提携日
s00000025770001,みかんのプロが選ぶ旬のかんきつを産地直送【ミヤモトオレンジガーデン本店】,株式会社ミヤモトオレンジガーデン,生鮮食品,2024/04/02,,2026/05/23
s00000020848001,プロがスタイリングしたコーディネートをご自宅にお届け！【DROBE(ドローブ)】,株式会社ＤＲＯＢＥ,服,2020/03/17,,2026/05/23
s00000010789007,【CM放映中】浄水型ウォーターサーバー「every frecious（エブリィフレシャス）」,富士山ＧＸホールディングス株式会社,飲料,2021/04/06,,2026/05/23
s00000022840002,【初回500円オフ！】お花の定期便 by アンドプランツ,株式会社Ｄｏｍｕｚ,花,2024/08/28,,2026/05/23
s00000022735001,あなたの楽曲を世界中に配信しよう！【narasu】,株式会社ローディアム,音楽,2021/10/27,,2026/05/23
s00000024907001,電動アシスト自転車の定額レンタルサービス【スマイルサイクル】,有限会社スマイルケア,その他（暮らし）,2023/08/29,,2026/05/23
s00000022857001,おうちの冷凍庫を宝箱に！フレンチシェフが贈る本格冷凍弁当ＤＥＬＩＰＩＣＫＳ,株式会社ＤＥＬＩＰＩＣＫＳ,総合（グルメ・食品）,2021/12/13,,2026/05/23
s00000023645001,ボトル型とまったく違う新しい浄水型サーバー,株式会社ｃｏｍａｍ,飲料,2022/07/28,,2026/05/23
s00000024726001,今なら2ヶ月無料。1日110円で使い放題の浄水器【マルチピュア】,マルチピュアジャパン株式会社,飲料,2023/10/31,,2026/05/23
s00000017094001,たった5秒で本格コーヒーが味わえるパウダーコーヒー【INICコーヒー】,パウダーフーズフォレスト株式会社,飲料,2016/11/14,,2026/05/23
s00000023029001,暮らしに花をタスことで、タスかる人や花を増やしたい【花の定期便(タスハナ)】,株式会社Ｉｔ,ガーデニング,2021/12/28,,2026/05/23
s00000020878001,腕時計レンタルサービスならカリトケ,ななし株式会社,ファッション小物,2020/02/26,,2026/05/23
s00000026065001,"月額9,700円で詰め放題！新感覚の宅配クリーニングはLoop Laundry！",有限会社アドバンスシステム,家事・日用品,2024/11/13,,2026/05/23
s00000021840001,適齢に合わせた知育玩具を定期でお届け！【Cha Cha Cha】,自立の株式会社,子育て,2021/02/09,,2026/05/23
s00000016113004,【HitoHanaのお花の定期便】初回花瓶プレゼント！色が選べる花のサブスク,株式会社Ｂｅｅｒ＿ａｎｄ＿Ｔｅｃｈ,ガーデニング,2020/10/28,,2026/05/23
s00000021239001,国産/輸入車約300車種!月額1万円台からの新車定額カーリース（サブスク）【オリコで乗ーる】,株式会社オリコカーライフ,車・バイク,2020/07/16,,2026/05/23
s00000023131001,百貨店初のサブスク型ファッションレンタルサービス【AnotherADdress】,株式会社大丸松坂屋百貨店,その他（ファッション）,2022/03/01,,2026/05/23
s00000016856001,国内最大級！大人女性向けファッションサブスク【airCloset エアークローゼット 】,株式会社エアークローゼット,服,2017/11/14,,2026/05/23
s00000026260001,生活家電のレンタル・サブスクサービス【家電レンタルみんなのHappy】,株式会社トミザワ,家電,2024/09/25,,2026/05/23
s00000023224001,月330円のサブスク型電動歯ブラシ【Dentaly】,株式会社ＳＯＬＩＡ,健康グッズ,2022/03/09,,2026/05/23
s00000024193001,おもちゃ知育玩具のレンタル・サブスク「And TOYBOX」,株式会社みのり,幼児教育,2023/02/27,,2026/05/23
s00000020550001,ABEMAプレミアム,ＡＢＥＭＡ,動画,2019/10/28,,2026/05/23
s00000025787001,実務に役立つWebスキルをおトクに学ぶならオンラインスクール『デイトラ』,株式会社デイトラ,習い事,2024/10/17,,2026/05/07
s00000024432001,10代20代向け転職エージェント【タネックス】,株式会社ミライユ,就職・転職,2023/04/28,,2026/04/24
s00000024824001,完全無料で転職のプロをパーソナルマッチング【転職AGENT Navi】,ｃｉｒｃｕｓ株式会社,就職・転職,2023/07/28,,2026/04/23
s00000026481001,働き方に自由を/SNSマーケティングスクール【エストレ】,株式会社ｇｉｆｔｓ,習い事,2025/01/28,,2026/04/18
s00000025311001,国内唯一！LINEでオンラインサロン、スクール、ファンクラブ開設【fan.salon】,株式会社Ｂａｄｇｅ,総合（Webサービス）,2024/02/19,,2026/04/07
s00000010569001,超スピード英会話習得法！“DMEメソッド無料体験レッスン”会員登録促進,イングリッシュベル英会話,習い事,2010/11/22,,2026/04/06
s00000025663001,オンラインサロン・コミュニティ専用サービス「FANTS（ファンツ）」,株式会社スタジアム,その他（Webサービス）,2024/03/13,,2026/04/06
s00000025256001,オンラインWebデザインスクールの無料カウンセリング参加【WEBCOACH】,株式会社アップグレード,習い事,2023/11/10,,2026/04/06
s00000027112001,声優・話し方・歌のボイトレスクール【Voice Camp（ボイスキャンプ）】,株式会社モノクロマーケティング,習い事,2025/09/19,,2026/04/05
s00000018694003,"""鉄板""教材で効率よく学ぶ！【行政書士TEPPAN通信講座】",株式会社オンラインスクール,資格取得,2026/02/17,,2026/04/05
s00000022683006,【資格認定あり・顧客紹介あり・歩合報酬あり】動画教材エディター養成コース参加者募集,一般社団法人和文化推進協会,習い事,2023/05/16,,2026/04/05
s00000018694001,様々な資格学習が1628円でウケホーダイ！【オンスク.JP】,株式会社オンラインスクール,資格取得,2018/05/14,,2026/04/05
s00000012220001,【高単価】カメラ・PCなど話題の「推し活」機材まで！オンラインレンタル,株式会社ビデオエイペックス,その他（暮らし）,2012/08/28,,2014/10/13
s00000013869003,わずか３ステップ！プロが教える一眼レフカメラ上達講座３弾セット ,マナビーノ,習い事,2014/06/11,,2014/10/13
s00000011623001,【NEW】楽天アフィリエイト,楽天株式会社,ASP,2011/12/07,,2011/12/04
s00000009884001,Amazon.co.jp成果反映用,株式会社ファンコミュニケーションズ,ショッピングモール,2010/06/09,,2010/06/09
s00000005186002,【A8.net】成果反映用プログラム,Ａ８セルフバック,その他（その他）,2010/04/30,,2010/05/26
s00000000002006,【A8.net】メディア会員募集,株式会社ファンコミュニケーションズ［Ａ８．ｎｅｔ］,ASP,2001/05/01,,2010/04/05
s00000000766002,楽天市場アフィリエイト,楽天グループ株式会社,ショッピングモール,2003/08/17,,2010/04/04
s00000005186001,【A8セルフバック】参加申請・成果反映用,Ａ８セルフバック,ポイントサービス・懸賞,2006/10/31,,2010/04/04
